ID,CH2_SUBCATEGORY
2,PRIMARY NONFICTION
3,PAPERBACK BOOK
5,PAPER OVER BOARDS
7,8X8 BOOK
8,PAPERBACK BOOK
9,PAPER OVER BOARDS
14,PAPERBACK BOOK
15,GAMES
16,PAPERBACK BOOK
17,MOVIE TIE-IN
19,8X8 BOOK
22,PAPERBACK BOOK
25,PAPERBACK BOOK
26,HOLIDAY
28,GAMES
30,PAPERBACK BOOK
37,PAPERBACK BOOK
40,PAPERBACK BOOK
45,PRIMARY FICTION
47,PAPERBACK BOOK
51,PAPERBACK BOOK
52,PAPERBACK BOOK
54,8X8 BOOK
55,PAPERBACK BOOK
57,PAPERBACK BOOK
59,PAPERBACK BOOK
60,MEDIA
61,PAPERBACK BOOK
64,PAPERBACK BOOK
67,PAPERBACK BOOK
70,PRIMARY NONFICTION
72,PAPER OVER BOARDS
73,PRIMARY FICTION
74,MEDIA
75,8X8 BOOK
79,GAMES
81,HC/POB BOOK
83,ANIMAL
84,PAPERBACK BOOK
87,MEDIA
93,PAPERBACK BOOK
95,PRIMARY NONFICTION
99,MOVIE TIE-IN
101,PICTURE
104,GAMES
105,GAMES
108,MOVIE TIE-IN
109,HC/POB BOOK
112,8X8 BOOK
113,PAPERBACK BOOK
115,HC/POB BOOK
116,PRIMARY FICTION
119,PAPERBACK BOOK
120,DIARIES
121,PICTURE
122,PAPERBACK BOOK
123,PAPERBACK BOOK
127,PAPERBACK BOOK
133,HUMOR
134,ADVENTURE
138,PRESCHOOL
140,HC/POB BOOK
143,PAPERBACK BOOK
161,PRIMARY NONFICTION
163,PRIMARY NONFICTION
164,PRIMARY FICTION
165,PRIMARY FICTION
167,PAPER OVER BOARDS
169,HC/POB BOOK
172,PAPERBACK BOOK
173,PRIMARY NONFICTION
175,PRIMARY FICTION
176,GAMES
178,MOVIE TIE-IN
179,PRIMARY FICTION
181,MEDIA
182,PAPERBACK BOOK
183,MEDIA
184,PAPERBACK BOOK
186,HC/POB BOOK
188,CHILD
190,PAPERBACK BOOK
197,HUMOR
198,GAMES
200,PAPERBACK BOOK
201,PRIMARY FICTION
202,PAPERBACK BOOK
203,PAPERBACK BOOK
204,PAPERBACK BOOK
206,PAPERBACK BOOK
208,HUMOR
209,MEDIA
210,PRESCHOOL
211,CONTEMPORARY
216,PRIMARY FICTION
218,PRIMARY FICTION
221,HOLIDAY
226,PAPERBACK BOOK
227,POETRY
232,GAMES
236,MEDIA
240,PAPERBACK BOOK
241,ALMANAC
243,ANIMAL
245,BASEBALL
255,FOOTBALL
256,HOLIDAY
264,PAPERBACK BOOK
265,PAPERBACK BOOK
266,MOVIE TIE-IN
267,CHRISTIAN
270,8X8 BOOK
271,PAPERBACK BOOK
272,MEDIA
275,PRIMARY FICTION
280,PAPER OVER BOARDS
281,PRESCHOOL
282,PAPERBACK BOOK
283,FANTASY
285,FANTASY
289,PAPER OVER BOARDS
290,8X8 BOOK
291,PRESCHOOL
293,PRIMARY FICTION
296,INTERMEDIATE FICTION
302,PRIMARY FICTION
304,PRIMARY FICTION
305,MEDIA
308,PRIMARY FICTION
310,PAPERBACK BOOK
314,MOVIE TIE-IN
315,MEDIA
316,PRIMARY FICTION
317,BOARD BOOK
320,MEDIA
324,MOVIE TIE-IN
325,DIARIES
327,PAPER OVER BOARDS
328,HC/POB BOOK
333,PAPER OVER BOARDS
335,PAPERBACK BOOK
340,MS FICTION
345,INTERMEDIATE FICTION
346,PAPERBACK BOOK
352,PRIMARY FICTION
356,INTERMEDIATE FICTION
357,PRIMARY FICTION
362,PAPERBACK BOOK
364,PAPERBACK BOOK
368,INTERMEDIATE FICTION
376,FAMILY & FRIENDSHIP
384,HC/POB BOOK
385,INTERMEDIATE FICTION
393,ANIMAL
395,PRIMARY FICTION
399,GAMES
402,PAPERBACK BOOK
405,HC/POB BOOK
408,8X8 BOOK
413,PRIMARY FICTION
423,PRIMARY FICTION
427,8X8 BOOK
43,MS FICTION
433,HC/POB BOOK
439,PAPERBACK BOOK
448,PAPERBACK BOOK
449,PRIMARY NONFICTION
452,PRESCHOOL
454,PRIMARY FICTION
130,INTERMEDIATE FICTION
458,PAPERBACK BOOK
462,PRIMARY FICTION
466,PAPER OVER BOARDS
467,PRESCHOOL
468,PAPERBACK BOOK
469,INTERMEDIATE NONFICTION
471,PAPERBACK BOOK
475,PAPERBACK BOOK
476,MEDIA
477,PICTURE
482,PRIMARY FICTION
483,ANIMAL
488,HC/POB BOOK
489,MEDIA
490,PRESCHOOL
491,PRIMARY FICTION
492,8X8 BOOK
493,PAPERBACK BOOK
494,PRIMARY FICTION
511,HUMOR
515,FANTASY
519,ANIMAL
520,FANTASY
532,GAMES
533,MEDIA
538,GAMES
539,GAMES
544,GAMES
557,PAPERBACK BOOK
14,PRIMARY NONFICTION
558,HC/POB BOOK
560,8X8 BOOK
561,PAPER OVER BOARDS
562,PAPERBACK BOOK
563,PAPERBACK BOOK
564,PAPER OVER BOARDS
565,8X8 BOOK
567,PAPERBACK BOOK
570,MS FICTION
573,HOLIDAY
580,PRESCHOOL
583,8X8 BOOK
584,MYSTERY
587,PAPERBACK BOOK
588,PAPERBACK BOOK
591,MEDIA
592,PAPER OVER BOARDS
593,HC/POB BOOK
594,HC/POB BOOK
595,8X8 BOOK
601,CHRISTIAN
604,MEDIA
606,PRIMARY NONFICTION
609,PAPERBACK BOOK
614,PRIMARY FICTION
615,PAPERBACK BOOK
621,PAPERBACK BOOK
622,PAPERBACK BOOK
623,8X8 BOOK
626,PRIMARY FICTION
628,PRIMARY NONFICTION
629,PRIMARY FICTION
631,PAPERBACK BOOK
633,PAPER OVER BOARDS
640,PRIMARY FICTION
646,PRIMARY FICTION
647,HC/POB BOOK
651,PRIMARY NONFICTION
660,PAPERBACK BOOK
661,8X8 BOOK
664,PICTURE
666,PAPERBACK BOOK
671,INTERMEDIATE FICTION
680,PRIMARY FICTION
685,HC/POB BOOK
687,PAPERBACK BOOK
692,PRIMARY FICTION
694,8X8 BOOK
695,PRIMARY FICTION
698,INTERMEDIATE FICTION
699,PICTURE
703,MEDIA
706,PICTURE
709,INTERMEDIATE NONFICTION
713,PICTURE
714,HC/POB BOOK
715,ADVENTURE
716,INTERMEDIATE FICTION
719,PRIMARY FICTION
724,PAPERBACK BOOK
725,ANIMAL
726,PAPERBACK BOOK
729,PRIMARY FICTION
731,SCIENCE
735,INTERMEDIATE FICTION
736,PAPERBACK BOOK
742,PAPERBACK BOOK
753,HC/POB BOOK
756,PAPERBACK BOOK
757,PRIMARY NONFICTION
759,PAPERBACK BOOK
760,PICTURE
764,MS FICTION
767,INTERMEDIATE FICTION
773,PICTURE
777,SPORTS
782,PICTURE
787,PICTURE
788,MATH
793,PRIMARY FICTION
801,HC/POB BOOK
802,MEDIA
807,PAPERBACK BOOK
810,HC/POB BOOK
818,PICTURE
820,PICTURE
825,PAPERBACK BOOK
827,MS FICTION
828,INTERMEDIATE FICTION
833,PAPER OVER BOARDS
834,EASY READER
835,MS NONFICTION
839,PICTURE
843,HC/POB BOOK
844,PAPERBACK BOOK
850,PAPERBACK BOOK
852,PRIMARY FICTION
858,PAPER OVER BOARDS
859,GRAPHIC NOVELS
860,PICTURE
862,MATH
863,PRIMARY FICTION
865,HC/POB BOOK
867,PAPERBACK BOOK
872,PAPER OVER BOARDS
875,8X8 BOOK
878,MS NONFICTION
887,PRIMARY NONFICTION
890,INTERMEDIATE FICTION
892,INTERMEDIATE FICTION
893,PRIMARY NONFICTION
897,8X8 BOOK
900,PRIMARY FICTION
903,PAPERBACK BOOK
904,PAPERBACK BOOK
906,PRESCHOOL
218,PAPERBACK BOOK
908,PAPERBACK BOOK
909,INTERMEDIATE FICTION
637,PAPERBACK BOOK
695,PAPERBACK BOOK
915,PRIMARY FICTION
598,PAPERBACK BOOK
917,PAPERBACK BOOK
921,ANIMAL
924,8X8 BOOK
925,8X8 BOOK
926,PAPERBACK BOOK
927,MEDIA
928,PRIMARY FICTION
929,PAPERBACK BOOK
930,8X8 BOOK
931,HC/POB BOOK
932,HC/POB BOOK
934,PRIMARY NONFICTION
935,MEDIA
938,FOOTBALL
939,MS NONFICTION
940,GAMES
943,PAPERBACK BOOK
861,HC/POB BOOK
948,HC/POB BOOK
954,PRIMARY NONFICTION
956,PRIMARY FICTION
958,PICTURE
959,PAPERBACK BOOK
227,PAPERBACK BOOK
964,PAPERBACK BOOK
971,GAMES
976,PAPER OVER BOARDS
978,PRIMARY FICTION
983,8X8 BOOK
984,PAPERBACK BOOK
985,HC/POB BOOK
991,8X8 BOOK
992,HC/POB BOOK
997,PRIMARY FICTION
999,PICTURE
1002,GAMES
579,FAMILY & FRIENDSHIP
1008,SOCCER
1011,PAPERBACK BOOK
1016,HC/POB BOOK
1027,PAPER OVER BOARDS
1032,FAMILY & FRIENDSHIP
1038,8X8 BOOK
254,INTERMEDIATE FICTION
1041,MEDIA
1043,PRIMARY FICTION
1044,SCIENCE
1045,CHAPTER
33,PRIMARY FICTION
1052,PRIMARY FICTION
1061,PICTURE
1063,PICTURE
1072,8X8 BOOK
1075,PICTURE
1081,INTERMEDIATE FICTION
1083,MS FICTION
1086,PRIMARY FICTION
1095,PRIMARY FICTION
1096,FAMILY & FRIENDSHIP
1098,PICTURE
1100,CHAPTER
1102,PRIMARY FICTION
1108,INTERMEDIATE FICTION
1110,PAPERBACK BOOK
1112,PAPER OVER BOARDS
1114,HC/POB BOOK
1116,GRAPHIC NOVELS
1117,PAPERBACK BOOK
1128,HC/POB BOOK
1136,PRIMARY FICTION
1137,PRIMARY FICTION
1138,PICTURE
1139,HC/POB BOOK
1143,MYSTERY
1144,GAMES
1152,CHAPTER
1155,ACTIVITY
1156,PAPERBACK BOOK
1160,PAPERBACK BOOK
1169,MS FICTION
1170,DIARIES
1171,8X8 BOOK
1172,PAPERBACK BOOK
1173,PAPERBACK BOOK
1180,PAPER OVER BOARDS
1185,8X8 BOOK
1186,HC/POB BOOK
1187,PRIMARY FICTION
1191,MEDIA
1192,8X8 BOOK
1194,MOVIE TIE-IN
1053,PAPERBACK BOOK
1198,PAPERBACK BOOK
1200,PRIMARY FICTION
1201,PRIMARY FICTION
1202,HC/POB BOOK
1204,PAPERBACK BOOK
1208,INTERMEDIATE FICTION
1209,8X8 BOOK
1212,8X8 BOOK
1213,PAPERBACK BOOK
1214,PRIMARY FICTION
1217,PAPERBACK BOOK
1218,PAPERBACK BOOK
1220,PAPERBACK BOOK
1222,PRIMARY FICTION
1226,PAPERBACK BOOK
1228,PICTURE
1231,INTERMEDIATE FICTION
1232,PAPERBACK BOOK
1235,PAPER OVER BOARDS
1238,8X8 BOOK
1241,CONTEMPORARY
1245,HC/POB BOOK
1247,MEDIA
1248,ANIMAL
1259,ANIMAL
1266,PRIMARY NONFICTION
1267,ANIMAL
1268,PAPERBACK BOOK
1272,HC/POB BOOK
1275,PRIMARY FICTION
1277,PAPERBACK BOOK
1278,PAPERBACK BOOK
1279,PAPERBACK BOOK
1280,PAPERBACK BOOK
1284,PRIMARY FICTION
1285,CHAPTER
12,PRIMARY FICTION
1290,HC/POB BOOK
1293,PAPERBACK BOOK
1296,MOVIE TIE-IN
1297,PAPERBACK BOOK
1301,MS FICTION
1307,INTERMEDIATE NONFICTION
1310,8X8 BOOK
1322,PAPERBACK BOOK
1325,PRIMARY FICTION
1334,PRIMARY FICTION
1339,FANTASY
1341,MS FICTION
1344,PAPERBACK BOOK
1345,PAPER OVER BOARDS
1346,PAPERBACK BOOK
1350,PAPERBACK BOOK
1351,PAPERBACK BOOK
1354,PAPER OVER BOARDS
1355,CHRISTIAN
1356,PAPERBACK BOOK
1357,PAPERBACK BOOK
1359,PRESCHOOL
1361,BOARD BOOK
1362,CHRISTIAN
1363,PAPERBACK BOOK
1364,PAPERBACK BOOK
1366,PAPER OVER BOARDS
1369,PRIMARY FICTION
1372,PAPERBACK BOOK
1376,MEDIA
1377,NOVELTY
1265,PRIMARY NONFICTION
1379,8X8 BOOK
1380,CHILD
1382,INTERMEDIATE NONFICTION
1387,PRIMARY FICTION
1390,PRIMARY FICTION
1391,HC/POB BOOK
1392,PRESCHOOL
1420,PRIMARY FICTION
1421,HC/POB BOOK
1422,PAPERBACK BOOK
1427,PICTURE
1430,PAPERBACK BOOK
1050,PRIMARY NONFICTION
1437,PAPERBACK BOOK
1446,PRIMARY NONFICTION
1457,PRIMARY FICTION
1459,MS NONFICTION
1460,HC/POB BOOK
1461,EASY READER
1462,8X8 BOOK
1463,PRIMARY FICTION
1465,PAPERBACK BOOK
1467,8X8 BOOK
1468,8X8 BOOK
1469,PAPER OVER BOARDS
1471,8X8 BOOK
1474,PAPERBACK BOOK
1475,PRIMARY FICTION
1478,8X8 BOOK
1479,PRIMARY FICTION
1480,8X8 BOOK
1481,PAPERBACK BOOK
1482,PAPERBACK BOOK
1483,8X8 BOOK
1485,PRIMARY NONFICTION
1486,MEDIA
1487,HC/POB BOOK
1488,8X8 BOOK
1489,PAPERBACK BOOK
437,PAPERBACK BOOK
1490,PRIMARY FICTION
1491,MEDIA
1492,8X8 BOOK
1494,PAPERBACK BOOK
1481,PRIMARY FICTION
1496,HC/POB BOOK
1500,FAMILY & FRIENDSHIP
1501,PICTURE
1503,PICTURE
1507,FAMILY & FRIENDSHIP
1510,8X8 BOOK
1516,PRIMARY FICTION
1519,HOLIDAY
1520,PAPERBACK BOOK
1530,PRIMARY FICTION
92,INTERMEDIATE NONFICTION
1534,PAPERBACK BOOK
1535,PAPERBACK BOOK
1536,8X8 BOOK
1537,FANTASY
1538,INTERMEDIATE FICTION
1540,PAPERBACK BOOK
1541,8X8 BOOK
1542,PRESCHOOL
676,HC/POB BOOK
1543,PAPER OVER BOARDS
1544,PAPERBACK BOOK
1545,PAPERBACK BOOK
1546,MS FICTION
1551,PRIMARY FICTION
1555,PRIMARY FICTION
1559,PRIMARY FICTION
1566,PAPERBACK BOOK
1455,PAPERBACK BOOK
1568,PRIMARY FICTION
1570,CLASSICS
1572,PRIMARY FICTION
1575,PRIMARY FICTION
983,PRIMARY FICTION
1579,HC/POB BOOK
1582,INTERMEDIATE FICTION
1584,PRIMARY FICTION
1592,PAPERBACK BOOK
1593,PAPERBACK BOOK
1594,PAPERBACK BOOK
1596,8X8 BOOK
1211,PAPERBACK BOOK
1597,8X8 BOOK
1598,8X8 BOOK
1599,PAPERBACK BOOK
1602,PICTURE
1604,PRIMARY FICTION
1606,INTERMEDIATE FICTION
1608,PRIMARY FICTION
1611,PRIMARY FICTION
1612,PAPERBACK BOOK
1616,PRIMARY FICTION
1625,EASY READER
1626,CHAPTER
1628,PRIMARY FICTION
1630,PICTURE
1632,PICTURE
1634,INTERMEDIATE NONFICTION
1639,CLASSICS
1643,FAMILY & FRIENDSHIP
1650,GRAPHIC NOVELS
211,GRAPHIC NOVELS
1651,PRIMARY FICTION
1654,INTERMEDIATE FICTION
1666,FAMILY & FRIENDSHIP
1670,PRIMARY FICTION
1674,PRIMARY FICTION
1677,PICTURE
1678,CHAPTER
1679,GAMES
1685,PRIMARY FICTION
1701,PAPERBACK BOOK
1703,PAPERBACK BOOK
1704,ANIMAL
1705,PAPER OVER BOARDS
1706,INTERMEDIATE FICTION
1707,PAPER OVER BOARDS
1708,PRIMARY NONFICTION
1709,SPORTS
1710,PRIMARY FICTION
1711,PAPERBACK BOOK
1713,MEDIA
1714,FAMILY & FRIENDSHIP
1717,PAPERBACK BOOK
1718,HISTORY
1723,PRIMARY FICTION
1726,PAPERBACK BOOK
1728,MOVIE TIE-IN
1179,MS FICTION
1743,GAMES
1746,BASEBALL
1747,HUMOR
1751,PAPER OVER BOARDS
1753,HC/POB BOOK
1757,HC/POB BOOK
1760,PAPERBACK BOOK
1761,PAPER OVER BOARDS
1762,DANCE
1763,HC/POB BOOK
1765,HC/POB BOOK
1766,PAPERBACK BOOK
1772,PICTURE
1777,ART
1778,PRIMARY FICTION
1782,CONTEMPORARY
1784,HC/POB BOOK
342,PAPERBACK BOOK
1785,PAPERBACK BOOK
1786,FAMILY & FRIENDSHIP
879,PAPER OVER BOARDS
1788,PAPERBACK BOOK
1789,PAPERBACK BOOK
1791,PAPERBACK BOOK
1793,HC/POB BOOK
1794,ANIMAL
1795,HC/POB BOOK
1797,HC/POB BOOK
1799,HC/POB BOOK
1803,INTERMEDIATE FICTION
1804,8X8 BOOK
1808,PICTURE
1809,MEDIA
1812,PRIMARY NONFICTION
1819,FANTASY
1823,PAPERBACK BOOK
1824,PAPERBACK BOOK
1826,HC/POB BOOK
1827,PAPERBACK BOOK
1828,MEDIA
1829,PAPERBACK BOOK
1553,PAPERBACK BOOK
1833,MEDIA
1835,NON FICTION
1836,PAPERBACK BOOK
1837,HC/POB BOOK
1839,PRIMARY FICTION
1842,HUMOR
1846,JOURNALS
1851,GAMES
1855,MYSTERY
1860,INTERMEDIATE FICTION
1866,HC/POB BOOK
1869,8X8 BOOK
1874,PAPERBACK BOOK
1879,PRESCHOOL
1880,CHAPTER
1881,HC/POB BOOK
1883,ANIMAL
1885,MEDIA
1888,PAPERBACK BOOK
1890,PAPER OVER BOARDS
1892,PAPERBACK BOOK
1894,HC/POB BOOK
1896,SPORTS
1901,JOURNALS
1905,DIARIES
626,PAPERBACK BOOK
1913,MEDIA
1914,PAPER OVER BOARDS
1915,PAPER OVER BOARDS
1916,HC/POB BOOK
1918,PAPERBACK BOOK
1919,INTERMEDIATE
1928,PAPERBACK BOOK
1929,PAPERBACK BOOK
1930,ANIMAL
1932,PRIMARY FICTION
1935,HISTORICAL FICTION
1939,PAPERBACK BOOK
1369,PAPERBACK BOOK
1941,PAPERBACK BOOK
1943,PRIMARY
1947,8X8 BOOK
1571,PAPERBACK BOOK
1949,PAPERBACK BOOK
1950,MEDIA
1952,MEDIA
1953,8X8 BOOK
1955,PAPERBACK BOOK
993,PRIMARY FICTION
1960,PAPERBACK BOOK
1963,PRIMARY FICTION
1966,BIOGRAPHY
1970,INTERMEDIATE NONFICTION
1972,PICTURE
1974,PRIMARY FICTION
1978,MEDIA
1981,FANTASY
1983,HC/POB BOOK
1984,PAPERBACK BOOK
1985,HC/POB BOOK
1989,PAPER OVER BOARDS
1991,HUMOR
1992,8X8 BOOK
1993,PAPER OVER BOARDS
1998,PAPERBACK BOOK
2002,EASY READER
2008,GAMES
366,INTERMEDIATE FICTION
2020,HOLIDAY
2022,MS FICTION
2023,FAMILY & FRIENDSHIP
2024,HC/POB BOOK
2027,GAMES
2029,PAPERBACK BOOK
2030,PAPERBACK BOOK
2031,INTERMEDIATE FICTION
1584,8X8 BOOK
1426,PAPERBACK BOOK
1568,PAPERBACK BOOK
2051,PAPERBACK BOOK
2052,MOVIE TIE-IN
2055,INTERMEDIATE FICTION
2057,PAPERBACK BOOK
2062,FOOTBALL
2065,CHAPTER
2066,FAMILY & FRIENDSHIP
2073,ALMANAC
604,INTERMEDIATE FICTION
2075,8X8 BOOK
2076,8X8 BOOK
2077,PAPERBACK BOOK
2078,8X8 BOOK
978,PAPERBACK BOOK
2086,PAPERBACK BOOK
2087,PAPERBACK BOOK
2088,PAPERBACK BOOK
2094,MEDIA
2095,MEDIA
1749,INTERMEDIATE FICTION
2105,FANTASY
2106,HISTORICAL FICTION
2107,HC/POB BOOK
2109,CHILD
2111,MEMOIR
2117,PICTURE
2118,HC/POB BOOK
2122,FANTASY
2133,PICTURE
2134,EASY READER
2135,PAPERBACK BOOK
2136,REFERENCE
2137,8X8 BOOK
2138,8X8 BOOK
2139,8X8 BOOK
2140,PICTURE
2141,8X8 BOOK
2142,PAPER OVER BOARDS
2143,CHAPTER
2144,PICTURE
2145,PICTURE
2146,EASY READER
2147,PICTURE
2149,HC/POB BOOK
2153,CHILD
2154,ANIMAL
607,PAPERBACK BOOK
2155,PRIMARY FICTION
2157,PAPER OVER BOARDS
2158,FANTASY
2160,PRIMARY FICTION
2162,PAPERBACK BOOK
2164,PAPERBACK BOOK
2165,PAPER OVER BOARDS
2168,HC/POB BOOK
2173,HC/POB BOOK
2180,PRIMARY FICTION
2182,ATLAS
2188,FANTASY
2191,8X8 BOOK
2193,FANTASY
2196,GAMES
2197,HC/POB BOOK
2198,CHRISTIAN
2203,SOCCER
2205,PRIMARY FICTION
2212,PRIMARY FICTION
2213,FAMILY & FRIENDSHIP
2215,PAPERBACK BOOK
2217,PAPERBACK BOOK
2220,PRIMARY FICTION
2222,HC/POB BOOK
2223,PAPERBACK BOOK
2224,PAPER OVER BOARDS
2226,PAPERBACK BOOK
2232,PRIMARY FICTION
2235,PAPERBACK BOOK
2237,HC/POB BOOK
2240,8X8 BOOK
2242,PAPER OVER BOARDS
2249,SOCCER
2253,PAPERBACK BOOK
2254,PAPERBACK BOOK
2258,HC/POB BOOK
2260,PAPERBACK BOOK
2261,PRIMARY FICTION
2264,PAPER OVER BOARDS
2265,HC/POB BOOK
2267,AFRICAN AMERICAN
2269,HC/POB BOOK
2271,GAMES
2277,INTERMEDIATE NONFICTION
2289,INTERMEDIATE FICTION
2303,PAPERBACK BOOK
2307,JEWISH
2309,PAPER OVER BOARDS
2313,HC/POB BOOK
2314,HC/POB BOOK
2315,ANIMAL
2318,INTERMEDIATE FICTION
2321,PAPER OVER BOARDS
2323,PAPERBACK BOOK
2324,ANIMAL
2326,HC/POB BOOK
2332,INTERMEDIATE FICTION
2339,FAMILY & FRIENDSHIP
2347,HC/POB BOOK
2348,CHAPTER
2350,MEDIA
2351,GAMES
2352,MS FICTION
2353,GAMES
2354,ANIMAL
2357,FAMILY & FRIENDSHIP
2358,8X8 BOOK
2360,8X8 BOOK
2361,MYSTERY
2363,PARENTING
2364,HC/POB BOOK
2368,PAPERBACK BOOK
2371,PAPERBACK BOOK
2374,PRIMARY FICTION
2375,PAPERBACK BOOK
2376,PAPERBACK BOOK
2378,PRIMARY FICTION
2380,FANTASY
2383,8X8 BOOK
2386,INTERMEDIATE FICTION
2388,NON FICTION
2391,PAPERBACK BOOK
2395,PAPERBACK BOOK
2396,FANTASY
2397,PRIMARY FICTION
2400,PICTURE
2401,PICTURE
2402,FAMILY & FRIENDSHIP
2403,PICTURE
2421,MS FICTION
2422,PAPERBACK BOOK
2423,PAPERBACK BOOK
2428,PRIMARY FICTION
2430,PAPERBACK BOOK
2432,8X8 BOOK
2435,SCIENCE
2436,REFERENCE
2437,HC/POB BOOK
2438,CHAPTER
2440,EASY READER
2441,PICTURE
2442,BIOGRAPHY
2443,PICTURE
2445,PAPERBACK BOOK
2446,PAPERBACK BOOK
2449,MOVIE TIE-IN
2453,PRIMARY NONFICTION
2456,PAPERBACK BOOK
2458,FANTASY
2463,PRIMARY NONFICTION
2465,PRIMARY NONFICTION
2468,INTERMEDIATE FICTION
2472,MOVIE TIE-IN
2474,MEDIA
2476,PRIMARY NONFICTION
2482,HC/POB BOOK
2483,8X8 BOOK
2484,CHAPTER
2486,HC/POB BOOK
2489,PAPERBACK BOOK
2491,HUMOR
2502,PAPERBACK BOOK
2504,INTERMEDIATE FICTION
2522,BASKETBALL
2527,MOVIE TIE-IN
2529,PAPERBACK BOOK
344,PAPERBACK BOOK
2530,PAPERBACK BOOK
2531,PAPERBACK BOOK
2544,PAPERBACK BOOK
2549,CHRISTIAN
2550,Cookbook
2556,HC/POB BOOK
2557,PAPER OVER BOARDS
2318,FAMILY & FRIENDSHIP
2559,DICTIONARIES
2560,8X8 BOOK
1158,INTERMEDIATE FICTION
2565,INTERMEDIATE FICTION
1760,PRIMARY FICTION
2574,INTERMEDIATE FICTION
2585,HC/POB BOOK
1481,HC/POB BOOK
2588,PAPERBACK BOOK
2589,MEDIA
2590,GAMES
2592,SPORTS
2593,BIOGRAPHY
2595,MS FICTION
2597,8X8 BOOK
2599,ADVENTURE
2602,CHAPTER
2604,FANTASY
2609,PRIMARY FICTION
2611,MEDIA
2615,DIARIES
2617,DIARIES
2618,PAPERBACK BOOK
2621,HC/POB BOOK
2622,BIBLE
2630,BIOGRAPHY
2639,MEDIA
2641,ADVENTURE
2657,HC/POB BOOK
2662,MEDIA
2669,PAPERBACK BOOK
2670,HC/POB BOOK
2671,ANIMAL
2672,FANTASY
2675,PAPERBACK BOOK
2678,PICTURE
2679,PAPERBACK BOOK
2680,HC/POB BOOK
2681,HC/POB BOOK
2682,8X8 BOOK
1369,HC/POB BOOK
2683,ANIMAL
2686,MEDIA
2688,PAPERBACK BOOK
2689,8X8 BOOK
2691,PAPERBACK BOOK
2692,PAPER OVER BOARDS
2693,PAPER OVER BOARDS
2699,BASEBALL
1388,MYSTERY
2708,FANTASY
2710,SOCCER
2714,ANIMAL
2715,DRAWING
2721,PAPERBACK BOOK
2725,HC/POB BOOK
2730,PRIMARY NONFICTION
2731,PICTURE
2732,CHAPTER
2733,PICTURE
1385,FAMILY & FRIENDSHIP
2009,INTERMEDIATE FICTION
2734,PRIMARY NONFICTION
2736,HUMOR
2738,FAMILY & FRIENDSHIP
462,PAPERBACK BOOK
2126,HC/POB BOOK
2747,MEDIA
2751,HC/POB BOOK
2752,PAPERBACK BOOK
2765,SPORTS
2768,HC/POB BOOK
2770,PAPERBACK BOOK
2771,PRIMARY FICTION
2773,PAPERBACK BOOK
2775,PAPERBACK BOOK
1709,INTERMEDIATE FICTION
2785,CHRISTIAN
2786,CHRISTIAN
2788,HISTORICAL FICTION
2790,PRESCHOOL
2791,PICTURE
2792,8X8 BOOK
2793,PRIMARY NONFICTION
2794,PRESCHOOL
2800,PAPERBACK BOOK
2802,PAPERBACK BOOK
2803,HC/POB BOOK
2804,HC/POB BOOK
2805,HC/POB BOOK
2811,MEDIA
2812,FANTASY
2813,8X8 BOOK
2815,8X8 BOOK
2816,SOCCER
2817,MEDIA
1700,PRIMARY FICTION
2820,PAPERBACK BOOK
2821,8X8 BOOK
2825,PRIMARY FICTION
2826,MOVIE TIE-IN
2827,PAPERBACK BOOK
2828,BASEBALL
2829,MS FICTION
2830,PRIMARY FICTION
8,HC/POB BOOK
2834,8X8 BOOK
2835,PRIMARY FICTION
2836,REFERENCE
2839,FANTASY
1050,PAPERBACK BOOK
2842,DRAWING
2845,PAPERBACK BOOK
2846,HC/POB BOOK
2849,FANTASY
2851,PAPERBACK BOOK
2857,8X8 BOOK
2858,ANIMAL
2865,MEDIA
2866,PAPERBACK BOOK
913,FAMILY & FRIENDSHIP
2867,PRIMARY FICTION
47,PRIMARY FICTION
2870,PRIMARY FICTION
2871,PICTURE
2872,PAPER OVER BOARDS
2875,MEDIA
2877,PAPERBACK BOOK
2878,MOVIE TIE-IN
2879,8X8 BOOK
2884,GAMES
2887,PRIMARY FICTION
2889,MOVIE TIE-IN
2890,8X8 BOOK
2894,PRIMARY NONFICTION
2895,FANTASY
2902,8X8 BOOK
2905,PRIMARY FICTION
2906,DRAWING
2907,PAPER OVER BOARDS
2909,8X8 BOOK
2910,PAPERBACK BOOK
2925,8X8 BOOK
2926,INTERMEDIATE FICTION
2927,PRIMARY NONFICTION
2928,PAPERBACK BOOK
2929,HC/POB BOOK
2932,HOLIDAY
2933,PAPERBACK BOOK
2936,BIOGRAPHY
2939,PAPER OVER BOARDS
2940,FANTASY
2943,PAPERBACK BOOK
2944,HC/POB BOOK
2946,DIARIES
2947,PRIMARY FICTION
2950,MS NONFICTION
2957,NOVELTY
2958,FANTASY
1081,PAPERBACK BOOK
2969,ANIMAL
2972,MEDIA
2974,PAPERBACK BOOK
2976,HOLIDAY
2981,PAPERBACK BOOK
1345,PAPERBACK BOOK
2983,PAPERBACK BOOK
2984,HC/POB BOOK
2985,HC/POB BOOK
2989,PAPERBACK BOOK
2990,HC/POB BOOK
2991,MEDIA
2992,8X8 BOOK
2996,MEDIA
3001,ATLAS
3006,PRIMARY NONFICTION
3007,FANTASY
3009,PAPERBACK BOOK
3019,DICTIONARIES
3021,HC/POB BOOK
3022,GAMES
3026,GAMES
3027,FANTASY
1963,PAPER OVER BOARDS
3028,BIOGRAPHY
3029,HC/POB BOOK
3030,8X8 BOOK
3033,PAPER OVER BOARDS
3035,HC/POB BOOK
3037,PAPERBACK BOOK
3039,PAPERBACK BOOK
3044,MOVIE TIE-IN
3047,ANIMAL
3053,PAPERBACK BOOK
3057,FAMILY & FRIENDSHIP
3068,PRIMARY FICTION
3075,PRIMARY FICTION
3076,MEDIA
3084,CLASSICS
3085,SCIENCE
3086,PAPER OVER BOARDS
3088,CHILD
3090,FAMILY & FRIENDSHIP
3091,HC/POB BOOK
3100,HC/POB BOOK
328,PAPERBACK BOOK
3103,ENCYCLOPEDIA
3108,8X8 BOOK
3114,PAPERBACK BOOK
3126,FANTASY
2546,INTERMEDIATE FICTION
3128,FANTASY
3129,8X8 BOOK
3131,8X8 BOOK
3132,HC/POB BOOK
3133,PAPER OVER BOARDS
3147,DRAWING
3151,FANTASY
3152,FANTASY
3158,HC/POB BOOK
3159,HC/POB BOOK
3160,PAPERBACK BOOK
3165,PAPERBACK BOOK
3167,HC/POB BOOK
3180,PAPERBACK BOOK
3181,PAPERBACK BOOK
3183,PAPERBACK BOOK
3184,PAPERBACK BOOK
3185,8X8 BOOK
3193,GRAPHIC NOVELS
3195,PARENTING
3197,HOLIDAY
3199,FANTASY
3200,PICTURE
3202,PAPERBACK BOOK
3203,PAPERBACK BOOK
3204,SELF HELP
3206,ANIMAL
3217,PAPERBACK BOOK
3219,PAPERBACK BOOK
3220,PAPERBACK BOOK
1603,PAPERBACK BOOK
3227,PAPERBACK BOOK
3228,PAPERBACK BOOK
3229,MEDIA
3234,HC/POB BOOK
1780,PAPERBACK BOOK
3235,PRIMARY NONFICTION
3236,FAMILY & FRIENDSHIP
3244,ANIMAL
3246,PAPERBACK BOOK
3251,MOVIE TIE-IN
3252,PRIMARY NONFICTION
3255,PRIMARY FICTION
3256,BASKETBALL
3258,PAPERBACK BOOK
3259,PRIMARY FICTION
3260,MEDIA
3262,PAPERBACK BOOK
3269,PAPERBACK BOOK
3272,HC/POB BOOK
3273,PRIMARY NONFICTION
3277,PRIMARY NONFICTION
3278,PRIMARY NONFICTION
3283,PRIMARY FICTION
3287,GAMES
3290,MS NONFICTION
3291,FAMILY & FRIENDSHIP
3302,PAPER OVER BOARDS
3303,HC/POB BOOK
3305,FOOTBALL
3312,PAPERBACK BOOK
3313,MEDIA
3317,HC/POB BOOK
1564,8X8 BOOK
3322,PAPER OVER BOARDS
3329,ANIMAL
3335,BIOGRAPHY
3342,PAPERBACK BOOK
3343,CHRISTIAN
3346,HC/POB BOOK
3348,PAPER OVER BOARDS
3351,HC/POB BOOK
3354,ANIMAL
3355,SOCCER
3362,PAPERBACK BOOK
3363,HC/POB BOOK
3367,INTERMEDIATE FICTION
3368,PAPERBACK BOOK
3369,PAPERBACK BOOK
3370,8X8 BOOK
3382,PRIMARY NONFICTION
3383,HC/POB BOOK
3387,ANIMAL
3388,PAPERBACK BOOK
3400,HC/POB BOOK
3401,PRIMARY FICTION
3402,ANIMAL
3409,PAPERBACK BOOK
1024,HC/POB BOOK
3411,PRIMARY NONFICTION
3413,PRIMARY NONFICTION
3414,HOLIDAY
3420,PRIMARY FICTION
3421,HC/POB BOOK
3422,HC/POB BOOK
3432,PRIMARY FICTION
3433,AFRICAN AMERICAN
3438,PAPER OVER BOARDS
3439,HC/POB BOOK
3444,ENCYCLOPEDIA
3445,PRIMARY FICTION
3448,PAPERBACK BOOK
3456,PAPERBACK BOOK
3462,PAPERBACK BOOK
3465,HC/POB BOOK
3468,MUSIC
3472,PAPER OVER BOARDS
1325,HC/POB BOOK
3475,PRIMARY NONFICTION
3479,PICTURE
1778,PAPERBACK BOOK
3480,PAPERBACK BOOK
3488,PAPER OVER BOARDS
3489,PAPERBACK BOOK
3491,HC/POB BOOK
3492,PAPERBACK BOOK
3495,PRIMARY NONFICTION
3507,PAPER OVER BOARDS
3509,HC/POB BOOK
3514,ANIMAL
3515,MOVIE TIE-IN
3516,PRIMARY NONFICTION
3524,PRIMARY FICTION
3525,PAPERBACK BOOK
3529,HC/POB BOOK
3564,MYSTERY
3577,PAPERBACK BOOK
3578,PAPERBACK BOOK
3579,PAPERBACK BOOK
3580,PAPERBACK BOOK
3583,ANIMAL
3587,MEDIA
3588,MEDIA
3589,8X8 BOOK
3590,FANTASY
3594,PAPER OVER BOARDS
3595,PAPERBACK BOOK
3596,KITS
3601,HC/POB BOOK
819,PRIMARY FICTION
3602,PAPERBACK BOOK
3604,PAPER OVER BOARDS
3607,8X8 BOOK
3609,HC/POB BOOK
3610,8X8 BOOK
3614,AFRICAN AMERICAN
3623,PRIMARY FICTION
3624,PRIMARY FICTION
3627,HC/POB BOOK
3631,PAPERBACK BOOK
3632,PRIMARY NONFICTION
3637,HC/POB BOOK
3639,FOOTBALL
3642,PRIMARY FICTION
3650,MYSTERY
3652,CHILD
3653,HC/POB BOOK
3664,ADVENTURE
3665,PRIMARY FICTION
3667,PRIMARY FICTION
3670,8X8 BOOK
3672,HC/POB BOOK
3673,PAPERBACK BOOK
3674,PAPERBACK BOOK
3676,MEDIA
3678,DICTIONARIES
3681,8X8 BOOK
3684,8X8 BOOK
3685,CHRISTIAN
3686,HC/POB BOOK
3687,PAPERBACK BOOK
3689,PAPERBACK BOOK
3690,INTERMEDIATE FICTION
3693,RELIGIOUS
3694,PAPERBACK BOOK
3695,8X8 BOOK
3696,PAPERBACK BOOK
3698,HC/POB BOOK
3699,PAPERBACK BOOK
3704,ADVENTURE
3707,PAPER OVER BOARDS
3708,HC/POB BOOK
3712,PAPERBACK BOOK
3716,PAPERBACK BOOK
3717,PICTURE
3719,PAPERBACK BOOK
3720,PAPERBACK BOOK
3722,HC/POB BOOK
3724,PRIMARY NONFICTION
3725,HC/POB BOOK
3726,NON FICTION
3735,HC/POB BOOK
3740,HC/POB BOOK
3745,PRIMARY
3749,PAPERBACK BOOK
3752,PAPERBACK BOOK
3754,8X8 BOOK
3755,CHRISTIAN
3756,HC/POB BOOK
3757,HC/POB BOOK
3758,PAPERBACK BOOK
3761,PAPERBACK BOOK
3769,8X8 BOOK
3772,REFERENCE
3773,PAPERBACK BOOK
3781,MEDIA
3783,PRIMARY FICTION
3787,PAPER OVER BOARDS
3788,PRIMARY NONFICTION
3789,HC/POB BOOK
3791,PRIMARY FICTION
3795,HC/POB BOOK
3801,PAPER OVER BOARDS
3804,PRIMARY FICTION
3805,HC/POB BOOK
3806,MEDIA
3810,HC/POB BOOK
3812,FANTASY
3820,DIARIES
3822,PAPERBACK BOOK
3824,HC/POB BOOK
533,MS FICTION
3826,CHAPTER
3832,PAPER OVER BOARDS
3834,MOVIE TIE-IN
3835,ANIMAL
3842,CHRISTIAN
3843,CHRISTIAN
3844,8X8 BOOK
3846,CHRISTIAN
3848,REFERENCE
3849,PAPER OVER BOARDS
3853,GAMES
3857,PAPERBACK BOOK
3865,HOLIDAY
3867,HOLIDAY
3880,PAPERBACK BOOK
3882,PICTURE
3888,CONTEMPORARY
3889,FANTASY
3893,FANTASY
3894,FANTASY
3896,ANIMAL
3897,GRAPHIC NOVELS
3898,GRAPHIC NOVELS
3899,PAPERBACK BOOK
2,8X8 BOOK
3906,FANTASY
3907,MOVIE TIE-IN
3909,FANTASY
3915,PICTURE
3916,PAPER OVER BOARDS
3917,PAPER OVER BOARDS
3918,8X8 BOOK
3922,PAPERBACK BOOK
3924,PRIMARY FICTION
3925,PAPERBACK BOOK
3926,PRIMARY NONFICTION
3929,HC/POB BOOK
3932,PRIMARY FICTION
3938,BASKETBALL
3941,HC/POB BOOK
3942,PRIMARY FICTION
3943,DIARIES
3944,PRIMARY FICTION
3949,PAPER OVER BOARDS
2853,PAPERBACK BOOK
3950,PAPERBACK BOOK
3959,MEDIA
3966,PAPERBACK BOOK
757,PAPERBACK BOOK
3967,HOLIDAY
3975,MYSTERY
3977,PRIMARY FICTION
3978,PAPERBACK BOOK
3992,FANTASY
3996,PAPERBACK BOOK
3997,8X8 BOOK
3998,PAPERBACK BOOK
3999,PAPERBACK BOOK
4001,CHRISTIAN
4008,CHRISTIAN
4011,HC/POB BOOK
4019,MEDIA
4020,PAPER OVER BOARDS
2457,PAPERBACK BOOK
4037,PRIMARY
4039,ADVENTURE
4041,8X8 BOOK
4049,FAMILY & FRIENDSHIP
4050,CHAPTER
4051,CHAPTER
4052,PICTURE
4053,PAPER OVER BOARDS
4056,PICTURE
4057,EASY READER
4060,HOCKEY
4062,MOVIE TIE-IN
4063,HC/POB BOOK
4064,PRIMARY FICTION
4066,ART
4069,MOVIE TIE-IN
4076,CHAPTER
4077,ADULT
4078,PAPERBACK BOOK
4087,PRIMARY FICTION
4092,PAPERBACK BOOK
1161,PRIMARY FICTION
4101,MYSTERY
4102,MS FICTION
4104,HC/POB BOOK
631,HC/POB BOOK
4112,GAMES
4113,FOOTBALL
203,HC/POB BOOK
4120,PAPERBACK BOOK
4122,HC/POB BOOK
4126,PAPERBACK BOOK
4129,PAPER OVER BOARDS
4130,SELF HELP
4131,PAPER OVER BOARDS
4132,INTERMEDIATE FICTION
4134,CHRISTIAN
4137,CHRISTIAN
4140,GAMES
4141,PAPER OVER BOARDS
4142,HC/POB BOOK
4144,BIOGRAPHY
4149,PICTURE
4151,FAMILY & FRIENDSHIP
4156,PICTURE
4157,PICTURE
4158,PICTURE
4159,PICTURE
4160,PICTURE
4161,MEDIA
4163,PICTURE
4164,PICTURE
4170,ANIMAL
4171,FANTASY
4175,PRIMARY NONFICTION
4178,DRAWING
4181,PAPERBACK BOOK
4191,SCIENCE
4193,EASY READER
4199,ANIMAL
4201,FANTASY
4202,ANIMAL
4205,CHAPTER
4206,PRIMARY FICTION
4208,REALISTIC FICTION
4209,CHRISTIAN
4211,HUMOR
4212,CHAPTER
4214,PAPER OVER BOARDS
4215,PAPERBACK BOOK
4216,PRIMARY NONFICTION
4218,PAPERBACK BOOK
4219,MS FICTION
4222,8X8 BOOK
4224,PRESCHOOL
4225,MEDIA
4227,CHAPTER
4228,PAPERBACK BOOK
611,HC/POB BOOK
4234,MEDIA
4235,ANIMAL
4244,HC/POB BOOK
4245,PAPERBACK BOOK
4250,SOCCER
4253,HOCKEY
4258,HC/POB BOOK
4259,PRIMARY FICTION
4260,CHRISTIAN
4261,CHRISTIAN
4262,PAPERBACK BOOK
4263,CHRISTIAN
4265,PICTURE
2253,SCIENCE
4270,8X8 BOOK
4271,MEDIA
4272,HC/POB BOOK
4275,ANIMAL
4277,CHAPTER
4281,PRIMARY FICTION
4287,8X8 BOOK
4288,ANIMAL
4292,FANTASY
4296,FOOTBALL
4299,ATLAS
4302,PAPERBACK BOOK
4304,PRIMARY NONFICTION
4309,HC/POB BOOK
4310,PAPERBACK BOOK
4312,HC/POB BOOK
4314,HC/POB BOOK
4315,ATLAS
4316,PAPERBACK BOOK
4319,GAMES
4322,AFRICAN AMERICAN
463,HC/POB BOOK
4325,PAPERBACK BOOK
4326,HC/POB BOOK
4327,PAPERBACK BOOK
4330,PAPERBACK BOOK
4331,DRAWING
4334,PAPERBACK BOOK
4335,PAPERBACK BOOK
4340,PICTURE
4343,HC/POB BOOK
4344,HC/POB BOOK
4346,HC/POB BOOK
4350,ANIMAL
4355,MEDIA
4359,8X8 BOOK
284,PAPERBACK BOOK
4360,PICTURE
4365,FANTASY
4368,CHRISTIAN
4374,SELF HELP
4375,FANTASY
4377,8X8 BOOK
4379,PAPERBACK BOOK
4380,MEDIA
4381,MEDIA
4383,FANTASY
4387,EASY READER
4388,HC/POB BOOK
4390,ANIMAL
2001,GAMES
4397,PRIMARY FICTION
4399,FOOTBALL
4401,PAPERBACK BOOK
4402,8X8 BOOK
4405,GAMES
4406,PRIMARY FICTION
4407,PAPERBACK BOOK
4409,8X8 BOOK
4412,PAPER OVER BOARDS
4424,8X8 BOOK
4425,PRIMARY FICTION
4427,MOVIE TIE-IN
4431,FANTASY
4433,ANIMAL
4438,FANTASY
4440,HC/POB BOOK
4444,PAPERBACK BOOK
4446,8X8 BOOK
4451,PAPER OVER BOARDS
4452,PAPERBACK BOOK
4453,8X8 BOOK
4455,FANTASY
4457,PRIMARY NONFICTION
4458,PAPERBACK BOOK
4461,PRIMARY FICTION
4464,FOOTBALL
4465,PAPER OVER BOARDS
4470,PRIMARY FICTION
4471,PRIMARY FICTION
4475,GAMES
4479,PAPERBACK BOOK
4481,PAPERBACK BOOK
4485,CHRISTIAN
4486,ADVENTURE
4489,FANTASY
4491,PAPER OVER BOARDS
4492,FANTASY
4493,PAPERBACK BOOK
4496,8X8 BOOK
4499,MEDIA
4501,MOVIE TIE-IN
4503,HUMOR
4508,MOVIE TIE-IN
4509,PAPERBACK BOOK
4511,ADVENTURE
196,MS NONFICTION
4512,PRIMARY FICTION
4515,PAPERBACK BOOK
4516,HC/POB BOOK
4517,CHRISTIAN
4518,CHRISTIAN
4519,CHRISTIAN
4520,PAPER OVER BOARDS
4521,PRIMARY NONFICTION
4522,NON FICTION
4523,DIARIES
4524,HC/POB BOOK
4525,HC/POB BOOK
4529,HOLIDAY
4530,MEDIA
4534,FOOTBALL
1211,HC/POB BOOK
4540,INTERMEDIATE NONFICTION
4541,PAPER OVER BOARDS
4544,BIOGRAPHY
4545,MEDIA
4547,FANTASY
4552,AFRICAN AMERICAN
4553,PAPER OVER BOARDS
4554,HC/POB BOOK
4557,INTERMEDIATE FICTION
4561,HC/POB BOOK
4562,HC/POB BOOK
4564,HC/POB BOOK
4566,HC/POB BOOK
4567,PAPERBACK BOOK
4580,PAPERBACK BOOK
4584,8X8 BOOK
4588,PRIMARY FICTION
4590,HC/POB BOOK
4593,INTERMEDIATE FICTION
4595,PAPER OVER BOARDS
4596,PAPER OVER BOARDS
1439,PAPERBACK BOOK
4598,REFERENCE
4601,8X8 BOOK
4602,PRIMARY
4607,ADULT NON FICTION
4609,MEDIA
4610,FANTASY
4615,MEDIA
4616,PRIMARY FICTION
4620,CONTEMPORARY
4621,HC/POB BOOK
4624,FANTASY
4627,PRESCHOOL
4637,PRIMARY FICTION
4642,CHRISTIAN
4644,PAPERBACK BOOK
4647,ENCYCLOPEDIA
4650,FANTASY
4652,MEDIA
4654,PAPERBACK BOOK
4656,PICTURE
4658,FAMILY & FRIENDSHIP
4659,PICTURE
4661,PAPERBACK BOOK
4663,HC/POB BOOK
2548,INTERMEDIATE NONFICTION
4664,CHRISTIAN
4666,PRIMARY FICTION
346,HC/POB BOOK
4668,HC/POB BOOK
4669,BIOGRAPHY
4670,PRIMARY NONFICTION
4674,PAPERBACK BOOK
4675,PAPER OVER BOARDS
4677,PAPERBACK BOOK
4678,CHRISTIAN
4680,PAPERBACK BOOK
4681,HC/POB BOOK
4683,PRIMARY FICTION
4687,PRIMARY FICTION
4688,MYSTERY
4689,SCIENCE
4690,REFERENCE
4691,PICTURE
4692,SCIENCE
4693,PICTURE
4694,REFERENCE
4697,PRIMARY FICTION
4698,FANTASY
4700,PICTURE
4701,BIOGRAPHY
4702,EASY READER
4710,HC/POB BOOK
4712,FANTASY
4717,ENCYCLOPEDIA
4718,PICTURE
4719,PICTURE
4720,REFERENCE
4721,REFERENCE
4724,PAPERBACK BOOK
4725,INTERMEDIATE FICTION
4728,CHAPTER
4729,PRESCHOOL
4735,HC/POB BOOK
4744,PAPERBACK BOOK
4745,MEDIA
4746,PRIMARY FICTION
4747,PAPERBACK BOOK
4750,MOVIE TIE-IN
4751,PRIMARY NONFICTION
4752,HC/POB BOOK
4309,PAPERBACK BOOK
4756,HC/POB BOOK
4760,ATLAS
4765,PAPERBACK BOOK
1778,HC/POB BOOK
4771,PAPERBACK BOOK
4774,PAPERBACK BOOK
4776,PAPERBACK BOOK
4777,HC/POB BOOK
4778,HC/POB BOOK
4779,CHRISTIAN
4781,FANTASY
4783,HC/POB BOOK
4787,FAMILY & FRIENDSHIP
4788,PRIMARY FICTION
4796,HC/POB BOOK
4802,CHILD
4804,8X8 BOOK
4805,HC/POB BOOK
1225,PAPERBACK BOOK
4808,HC/POB BOOK
4810,PAPERBACK BOOK
4812,PRIMARY FICTION
4813,FANTASY
4814,HC/POB BOOK
4818,CONTEMPORARY
4820,SOCCER
4821,8X8 BOOK
4823,HC/POB BOOK
4825,FANTASY
4830,PICTURE
4834,PRIMARY NONFICTION
4836,PAPERBACK BOOK
4837,PAPERBACK BOOK
4839,PAPERBACK BOOK
4843,PAPERBACK BOOK
4852,MOVIE TIE-IN
4853,PAPER OVER BOARDS
4854,HC/POB BOOK
4857,HC/POB BOOK
4859,ANIMAL
4861,PAPERBACK BOOK
4862,HC/POB BOOK
4864,HC/POB BOOK
4866,HISTORICAL FICTION
4870,DRAWING
4873,PAPERBACK BOOK
4875,HC/POB BOOK
2028,HC/POB BOOK
4876,MS FICTION
4879,ADVENTURE
4880,PAPERBACK BOOK
4882,ANIMAL
1200,PAPER OVER BOARDS
4886,PRIMARY FICTION
4889,ANIMAL
4890,PRIMARY FICTION
4891,PRIMARY FICTION
4894,HC/POB BOOK
4897,HC/POB BOOK
4901,8X8 BOOK
4907,HC/POB BOOK
4908,PRIMARY FICTION
4909,PRIMARY FICTION
1026,PAPERBACK BOOK
4916,HUMOR
4922,ANIMAL
4923,PICTURE
4927,HC/POB BOOK
4929,ANIMAL
4930,PRIMARY FICTION
4934,PAPERBACK BOOK
4935,PAPER OVER BOARDS
4938,BASEBALL
4939,PAPERBACK BOOK
4940,HUMOR
4942,FANTASY
4944,MOVIE TIE-IN
4945,HOLIDAY
4946,INTERMEDIATE FICTION
4949,8X8 BOOK
4951,PAPER OVER BOARDS
4952,PAPERBACK BOOK
4953,CHRISTIAN
4955,PAPERBACK BOOK
4956,HC/POB BOOK
4963,AFRICAN AMERICAN
4967,FANTASY
4970,8X8 BOOK
4563,ANIMAL
4976,PRIMARY FICTION
4978,INTERMEDIATE FICTION
4984,8X8 BOOK
4988,PROFESSIONAL
4989,HC/POB BOOK
898,HC/POB BOOK
4990,ANIMAL
4991,BASEBALL
4992,HC/POB BOOK
4994,HC/POB BOOK
4996,PRESCHOOL
4998,HC/POB BOOK
44,INTERMEDIATE FICTION
4999,PRESCHOOL
5002,ANIMAL
5004,FANTASY
5009,FANTASY
5012,PRIMARY NONFICTION
5019,SPORTS
5021,PRIMARY FICTION
5026,CHRISTIAN
5027,FANTASY
5029,CHRISTIAN
5030,PRESCHOOL
5035,HC/POB BOOK
5036,PAPERBACK BOOK
5037,PAPERBACK BOOK
5038,PAPERBACK BOOK
5039,PRIMARY FICTION
5042,MS NONFICTION
5044,PRIMARY NONFICTION
2232,PAPERBACK BOOK
1572,PAPERBACK BOOK
5049,PRIMARY NONFICTION
5051,PRIMARY FICTION
1153,HC/POB BOOK
5055,EASY READER
5056,HC/POB BOOK
5064,PAPER OVER BOARDS
5077,PAPERBACK BOOK
5084,FANTASY
824,HC/POB BOOK
5088,JOURNALS
5090,PRIMARY FICTION
5094,PAPERBACK BOOK
5095,8X8 BOOK
5096,PAPERBACK BOOK
5100,PAPERBACK BOOK
5105,ANIMAL
5107,HUMOR
5109,INTERMEDIATE FICTION
5117,PAPERBACK BOOK
5121,PAPERBACK BOOK
5125,PRIMARY FICTION
5128,HC/POB BOOK
5129,8X8 BOOK
5130,MEDIA
5132,PAPERBACK BOOK
5133,8X8 BOOK
5136,HC/POB BOOK
5137,NON FICTION
5139,8X8 BOOK
5140,HC/POB BOOK
5142,ENCYCLOPEDIA
5148,PAPERBACK BOOK
5149,PAPERBACK BOOK
1904,PAPERBACK BOOK
5151,MEDIA
5154,PAPERBACK BOOK
5156,PAPERBACK BOOK
5159,MEDIA
5161,FANTASY
2258,PAPERBACK BOOK
5171,PRESCHOOL
5179,PAPERBACK BOOK
5180,HC/POB BOOK
5181,HC/POB BOOK
5190,PAPERBACK BOOK
5197,PRIMARY FICTION
2244,PAPER OVER BOARDS
5202,PAPERBACK BOOK
5204,PAPERBACK BOOK
5205,HC/POB BOOK
5209,SCIENCE
5211,PAPERBACK BOOK
5212,FANTASY
5214,PRIMARY NONFICTION
5215,HC/POB BOOK
5219,PAPERBACK BOOK
5223,AFRICAN AMERICAN
5224,PRIMARY FICTION
5226,PAPERBACK BOOK
5227,PRIMARY FICTION
5232,HC/POB BOOK
5234,PRIMARY
5236,PAPER OVER BOARDS
5241,HC/POB BOOK
5250,HC/POB BOOK
5256,HC/POB BOOK
5262,PAPERBACK BOOK
5263,HC/POB BOOK
5266,INTERMEDIATE NONFICTION
5268,EASY READER
5272,PRIMARY FICTION
5273,FANTASY
5279,8X8 BOOK
5281,FANTASY
5284,PAPERBACK BOOK
5285,8X8 BOOK
5288,HC/POB BOOK
5291,HC/POB BOOK
5292,FANTASY
5294,PAPERBACK BOOK
5296,INTERMEDIATE FICTION
5297,PAPER OVER BOARDS
5300,PRIMARY FICTION
5301,HC/POB BOOK
5303,PAPERBACK BOOK
5304,HC/POB BOOK
5306,HC/POB BOOK
5308,HC/POB BOOK
5309,HUMOR
5316,8X8 BOOK
5317,CHRISTIAN
5318,FANTASY
638,HC/POB BOOK
5321,FANTASY
5322,PRIMARY NONFICTION
5326,HC/POB BOOK
5331,HC/POB BOOK
5337,HC/POB BOOK
5338,ANIMAL
5340,8X8 BOOK
5343,FAMILY & FRIENDSHIP
5344,PRIMARY FICTION
439,HC/POB BOOK
5346,PRIMARY FICTION
5349,EASY READER
5352,FANTASY
5353,PAPER OVER BOARDS
5354,FANTASY
5357,HUMOR
5359,PAPERBACK BOOK
5360,PAPERBACK BOOK
5362,ANIMAL
5364,MOVIE TIE-IN
5366,HC/POB BOOK
5371,8X8 BOOK
5372,AFRICAN AMERICAN
5377,PAPERBACK BOOK
5378,CONTEMPORARY
1568,HC/POB BOOK
5382,PAPER OVER BOARDS
5383,PRIMARY NONFICTION
5384,CHRISTIAN
5386,HC/POB BOOK
598,HC/POB BOOK
5392,PRIMARY FICTION
462,HC/POB BOOK
5393,PAPER OVER BOARDS
5398,PAPERBACK BOOK
5401,PAPERBACK BOOK
5407,PAPERBACK BOOK
5408,BIOGRAPHY
5414,MOVIE TIE-IN
5420,PRIMARY FICTION
5433,BASEBALL
5434,8X8 BOOK
5437,PRIMARY NONFICTION
5439,PAPERBACK BOOK
5441,PAPER OVER BOARDS
5442,HC/POB BOOK
5444,PAPER OVER BOARDS
5445,FAMILY & FRIENDSHIP
5446,FANTASY
5447,PAPER OVER BOARDS
5448,PAPERBACK BOOK
5449,ADVENTURE
5451,HC/POB BOOK
5452,PAPER OVER BOARDS
5454,SPANISH
5455,FANTASY
5457,CONTEMPORARY
5465,8X8 BOOK
5472,ANIMAL
5473,PAPERBACK BOOK
5475,PRIMARY FICTION
1567,HC/POB BOOK
5477,CHRISTIAN
5478,PAPERBACK BOOK
5479,HISTORICAL FICTION
5480,8X8 BOOK
5482,HC/POB BOOK
5484,SELF HELP
5485,MEDIA
5489,PAPERBACK BOOK
5493,HC/POB BOOK
5494,PAPERBACK BOOK
5496,HC/POB BOOK
5498,CONTEMPORARY
5500,REFERENCE
5502,CHRISTIAN
5503,PAPER OVER BOARDS
5511,PAPERBACK BOOK
5512,PICTURE
5513,PAPERBACK BOOK
5515,PAPERBACK BOOK
5516,HC/POB BOOK
5517,PRIMARY FICTION
5518,PAPERBACK BOOK
5519,ATLAS
5521,PAPER OVER BOARDS
5523,PAPERBACK BOOK
5525,AFRICAN AMERICAN
357,PAPERBACK BOOK
5527,HC/POB BOOK
5528,ANIMAL
5533,HISTORICAL FICTION
5534,CHRISTIAN
5535,PAPERBACK BOOK
5536,HC/POB BOOK
5540,HC/POB BOOK
3029,PAPERBACK BOOK
5547,CHAPTER
5550,FANTASY
5554,PAPERBACK BOOK
5562,ANIMAL
5564,PAPERBACK BOOK
5565,HISTORICAL FICTION
5568,PRIMARY FICTION
5572,PAPERBACK BOOK
5573,CHRISTIAN
5574,HC/POB BOOK
5577,PICTURE
5581,PAPERBACK BOOK
5583,PRIMARY FICTION
5584,PRIMARY FICTION
5586,FAMILY & FRIENDSHIP
5588,HC/POB BOOK
5590,FANTASY
5592,HISTORICAL FICTION
5594,DIARIES
5598,HC/POB BOOK
5600,HOLIDAY
5601,PAPERBACK BOOK
5605,MOVIE TIE-IN
5607,HC/POB BOOK
5610,HC/POB BOOK
5612,DIARIES
5617,8X8 BOOK
2295,HOLIDAY
5619,PAPERBACK BOOK
5622,PAPERBACK BOOK
5628,MOVIE TIE-IN
5630,MEDIA
5635,PAPERBACK BOOK
5636,SPORTS
825,HC/POB BOOK
5638,CHRISTIAN
5639,PRESCHOOL
5642,PICTURE
5643,SCIENCE
5644,PICTURE
5645,PICTURE
5646,FAMILY & FRIENDSHIP
5647,HC/POB BOOK
5651,MOVIE TIE-IN
5654,HC/POB BOOK
190,HC/POB BOOK
5666,HC/POB BOOK
5671,HC/POB BOOK
5675,MS NONFICTION
5687,MOVIE TIE-IN
5688,PAPERBACK BOOK
5695,CHRISTIAN
5696,ADULT NON FICTION
5697,PAPERBACK BOOK
5698,8X8 BOOK
5700,8X8 BOOK
5703,GAMES
5709,PAPERBACK BOOK
5713,PAPERBACK BOOK
2679,HC/POB BOOK
5716,PICTURE
5718,MOVIE TIE-IN
5719,FANTASY
5724,PRESCHOOL
5725,PAPERBACK BOOK
5726,ATLAS
5727,ANIMAL
5728,PAPERBACK BOOK
5730,PAPERBACK BOOK
5736,FANTASY
5738,EASY READER
5739,CHRISTIAN
5742,AFRICAN AMERICAN
5743,CONTEMPORARY
5745,ANIMAL
5746,FANTASY
5751,SPORTS
5754,MOVIE TIE-IN
5755,PICTURE
5757,ALMANAC
5759,PRESCHOOL
5760,DRAWING
5762,HC/POB BOOK
1513,8X8 BOOK
5765,PAPERBACK BOOK
5766,HC/POB BOOK
5768,SOCCER
5773,PRIMARY FICTION
5775,HC/POB BOOK
5777,ANIMAL
5778,DIARIES
5779,8X8 BOOK
5782,BASKETBALL
903,HC/POB BOOK
5785,CONTEMPORARY
5786,HUMOR
5793,HUMOR
5797,HIGH INTEREST/LOW INTEREST
5799,FAMILY & FRIENDSHIP
5802,ENCYCLOPEDIA
5805,PICTURE
5808,ANIMAL
5809,CHAPTER
5811,ANIMAL
5813,PAPER OVER BOARDS
5817,MEDIA
5818,HISTORICAL FICTION
5820,HC/POB BOOK
5822,DIARIES
5824,FANTASY
1713,SCIENCE
5833,PAPERBACK BOOK
5835,CHRISTIAN
5837,ANIMAL
5842,DIARIES
5844,PRIMARY FICTION
5845,CHRISTIAN
5849,MOVIE TIE-IN
5850,PAPER OVER BOARDS
5852,HC/POB BOOK
5853,8X8 BOOK
5855,MOVIE TIE-IN
5859,CHRISTIAN
5861,CHRISTIAN
5864,PAPERBACK BOOK
5865,SOCCER
5866,PAPERBACK BOOK
5867,JEWISH
5868,JEWISH
5869,JEWISH
5870,JEWISH
5874,8X8 BOOK
5879,PAPERBACK BOOK
5884,CHRISTIAN
5885,HOLIDAY
5887,PAPERBACK BOOK
5888,PICTURE
5889,PICTURE
5890,REFERENCE
5891,BASKETBALL
5895,PAPERBACK BOOK
5896,SPORTS
5898,PAPER OVER BOARDS
5899,HC/POB BOOK
5900,FANTASY
5901,ADVENTURE
4852,CONTEMPORARY
5909,PAPER OVER BOARDS
5911,FANTASY
5916,EASY READER
5917,8X8 BOOK
5918,8X8 BOOK
5922,PAPERBACK BOOK
5924,HISTORICAL FICTION
5928,ANIMAL
5929,BASEBALL
5931,SPORTS
5938,PRIMARY FICTION
5939,8X8 BOOK
5940,CHILD
5943,PICTURE
5945,MOVIE TIE-IN
5947,HISTORICAL FICTION
5950,MEDIA
5951,CHRISTIAN
5952,CHAPTER
5954,PICTURE
5957,CHRISTIAN
5959,CHRISTIAN
5960,MEDIA
5968,DRAWING
5971,SELF HELP
5974,HC/POB BOOK
5975,HC/POB BOOK
5976,ANIMAL
5977,PAPERBACK BOOK
5979,FANTASY
5981,PAPERBACK BOOK
5984,FANTASY
5986,CHRISTIAN
5988,FANTASY
5991,GAMES
5995,PAPERBACK BOOK
5996,DIARIES
5997,PICTURE
5999,SOCCER
6000,PRESCHOOL
1836,HC/POB BOOK
6001,PAPERBACK BOOK
6004,FANTASY
437,HC/POB BOOK
6014,CHRISTIAN
6016,FANTASY
6018,PRIMARY FICTION
6020,CHRISTIAN
6023,FANTASY
6024,SCIENCE
6026,CONTEMPORARY
6029,MYSTERY
6030,HC/POB BOOK
6031,FOOTBALL
6036,HC/POB BOOK
6037,ANIMAL
6039,CHRISTIAN
6040,PRIMARY FICTION
6041,HC/POB BOOK
5148,HC/POB BOOK
6042,PRESCHOOL
6043,PRESCHOOL
6047,PAPERBACK BOOK
6048,HC/POB BOOK
6051,PAPER OVER BOARDS
6055,PRESCHOOL
6058,DIARIES
6060,PICTURE
6064,FANTASY
6065,HC/POB BOOK
6067,HC/POB BOOK
6068,AFRICAN AMERICAN
6076,8X8 BOOK
6077,PAPERBACK BOOK
6078,BOARD BOOK
6080,ANIMAL
6081,DIARIES
6082,PAPERBACK BOOK
6084,PAPERBACK BOOK
6088,8X8 BOOK
4145,MS FICTION
1437,SCIENCE
6094,EASY READER
6115,HC/POB BOOK
6119,HC/POB BOOK
6123,HC/POB BOOK
6126,CHAPTER
6131,PAPER OVER BOARDS
6135,CHRISTIAN
6137,HC/POB BOOK
6143,PRESCHOOL
6146,PAPERBACK BOOK
6151,PAPERBACK BOOK
6156,CHRISTIAN
6160,FOOTBALL
6162,MOVIE TIE-IN
6163,CONTEMPORARY
6165,PAPERBACK BOOK
6168,PAPERBACK BOOK
6171,PAPERBACK BOOK
6175,FANTASY
6176,HC/POB BOOK
6177,PAPERBACK BOOK
6184,HC/POB BOOK
6185,8X8 BOOK
6190,ANIMAL
6191,PAPERBACK BOOK
6192,PAPERBACK BOOK
6193,CHRISTIAN
6194,CHRISTIAN
6196,HOLIDAY
6197,HC/POB BOOK
6198,CHRISTIAN
6200,ANIMAL
6203,PAPERBACK BOOK
6213,HC/POB BOOK
6214,PAPERBACK BOOK
6216,FANTASY
6219,PICTURE
6223,PRESCHOOL
6229,PAPERBACK BOOK
260,INTERMEDIATE FICTION
6233,ANIMAL
6235,PAPERBACK BOOK
6237,HC/POB BOOK
6239,DIARIES
6243,HC/POB BOOK
6245,SELF HELP
6246,DIARIES
6248,HOLIDAY
6255,PRIMARY FICTION
6256,PAPERBACK BOOK
6257,FANTASY
6260,ANIMAL
6265,HUMOR
6266,ANIMAL
6270,PAPER OVER BOARDS
6271,HC/POB BOOK
6273,FANTASY
6284,FANTASY
6285,CHRISTIAN
6289,ADVENTURE
6290,PAPERBACK BOOK
6291,MEDIA
6292,ANIMAL
6297,HC/POB BOOK
6305,PAPERBACK BOOK
6307,PAPERBACK BOOK
6308,FANTASY
6311,DIARIES
6312,CONTEMPORARY
2160,HUMOR
6317,PRIMARY FICTION
6318,PAPERBACK BOOK
6322,PAPERBACK BOOK
6334,FANTASY
6337,SELF HELP
6338,PAPERBACK BOOK
6340,PAPER OVER BOARDS
6344,8X8 BOOK
6345,PAPERBACK BOOK
6350,FANTASY
6353,PRIMARY FICTION
6354,8X8 BOOK
6355,ADVENTURE
6356,REFERENCE
6357,HC/POB BOOK
6359,PAPER OVER BOARDS
6362,PRESCHOOL
6366,MEDIA
6368,FANTASY
6371,FANTASY
6376,HC/POB BOOK
6377,8X8 BOOK
6379,FANTASY
6381,HC/POB BOOK
6382,HUMOR
6383,FANTASY
6384,HOLIDAY
6385,MEDIA
6387,CHRISTIAN
6388,CHRISTIAN
6389,8X8 BOOK
6391,CLASSICS
6392,CHRISTIAN
6397,PAPERBACK BOOK
6398,FANTASY
1223,PAPERBACK BOOK
6399,PAPER OVER BOARDS
6400,8X8 BOOK
6402,INTERMEDIATE FICTION
6403,HC/POB BOOK
6404,PAPERBACK BOOK
6405,POETRY
6407,HC/POB BOOK
6408,PICTURE
1102,HC/POB BOOK
6410,HC/POB BOOK
6411,PICTURE
6412,CHRISTIAN
6413,CHRISTIAN
6417,FAMILY & FRIENDSHIP
6419,CHRISTIAN
6420,MYSTERY
550,INTERMEDIATE FICTION
6423,PAPERBACK BOOK
6424,INTERMEDIATE FICTION
6427,PAPERBACK BOOK
6428,PAPERBACK BOOK
6429,PAPERBACK BOOK
6430,CHRISTIAN
6431,FANTASY
6434,8X8 BOOK
6438,MEDIA
6443,HISTORICAL FICTION
6448,HC/POB BOOK
6456,MEDIA
6457,PAPER OVER BOARDS
6463,CHRISTIAN
6464,HC/POB BOOK
6465,HC/POB BOOK
6470,PRIMARY FICTION
6471,ADVENTURE
6472,NOVELTY
6477,PRIMARY FICTION
6481,PRIMARY FICTION
6482,AFRICAN AMERICAN
6485,PRIMARY NONFICTION
6487,PRIMARY FICTION
6489,PAPERBACK BOOK
6490,PAPERBACK BOOK
6494,HC/POB BOOK
6495,HC/POB BOOK
6496,HC/POB BOOK
6498,PAPERBACK BOOK
6500,GAMES
6501,MOVIE TIE-IN
6503,HUMOR
6506,PICTURE
6508,HISTORY
6510,HC/POB BOOK
6511,PAPERBACK BOOK
6513,CHRISTIAN
6516,CHRISTIAN
6517,CHRISTIAN
6518,CHRISTIAN
6519,8X8 BOOK
6520,8X8 BOOK
6524,PICTURE
6525,PAPERBACK BOOK
6526,EASY READER
6527,BIOGRAPHY
6528,MEDIA
6529,PICTURE
6532,PICTURE
6533,MEDIA
6534,8X8 BOOK
6536,CHAPTER
6537,PICTURE
6539,SPANISH
6540,PAPERBACK BOOK
6541,PICTURE
6542,MYSTERY
6543,SCIENCE
6545,CHAPTER
6548,MEDIA
6552,PICTURE
6553,CHAPTER
6554,HC/POB BOOK
6560,CHRISTIAN
6561,PRIMARY FICTION
6562,HC/POB BOOK
6564,SCIENCE
6568,HC/POB BOOK
6572,8X8 BOOK
6574,EASY READER
6576,REFERENCE
6577,HC/POB BOOK
6586,PAPERBACK BOOK
6587,HC/POB BOOK
6591,HC/POB BOOK
6600,HC/POB BOOK
6602,HC/POB BOOK
6604,HC/POB BOOK
6609,SOCCER
5160,HC/POB BOOK
6611,PAPERBACK BOOK
6613,PICTURE
6614,SCIENCE
6615,SCIENCE
6616,PICTURE
6617,EASY READER
6619,SCIENCE
6622,HC/POB BOOK
6623,INTERMEDIATE FICTION
6625,8X8 BOOK
6626,HC/POB BOOK
6630,PAPERBACK BOOK
6634,HC/POB BOOK
6635,THE ARTS (APPRECIATION
6635,MUSIC
6635,DANCE)
6637,PICTURE
6639,HC/POB BOOK
6640,PRIMARY FICTION
6643,PRIMARY FICTION
6644,PAPERBACK BOOK
4566,PAPERBACK BOOK
6648,FAMILY & FRIENDSHIP
6649,PICTURE
6653,SPORTS
6655,PAPERBACK BOOK
6656,PAPERBACK BOOK
6657,MOVIE TIE-IN
6660,FANTASY
6664,PAPERBACK BOOK
6666,CHRISTIAN
6670,REFERENCE
6672,PICTURE
6674,SPORTS
6677,PICTURE
6678,FANTASY
6679,FANTASY
6683,PAPERBACK BOOK
6684,PICTURE
6689,HC/POB BOOK
6690,PAPERBACK BOOK
6695,PAPER OVER BOARDS
6696,SELF HELP
6697,HC/POB BOOK
6698,HC/POB BOOK
6699,HC/POB BOOK
6700,HC/POB BOOK
6701,ANIMAL
6711,MULTI-CULTURAL
6712,CONTEMPORARY
6716,FANTASY
6719,CHRISTIAN
6721,HC/POB BOOK
6722,ALMANAC
6730,HC/POB BOOK
6731,HC/POB BOOK
6734,PARENTING
6735,HC/POB BOOK
6736,HC/POB BOOK
6740,HC/POB BOOK
6742,PRESCHOOL
6747,PRIMARY FICTION
6748,PAPERBACK BOOK
6749,HC/POB BOOK
6750,PROFESSIONAL
6753,PAPERBACK BOOK
1527,HC/POB BOOK
6754,HC/POB BOOK
6755,8X8 BOOK
6757,HC/POB BOOK
6758,HUMOR
6759,PAPERBACK BOOK
6760,8X8 BOOK
6761,PRIMARY FICTION
6762,CHRISTIAN
6763,CHRISTIAN
6764,HC/POB BOOK
6765,PAPER OVER BOARDS
6766,CHRISTIAN
6768,PRIMARY FICTION
6770,HC/POB BOOK
6771,HC/POB BOOK
6776,HC/POB BOOK
6777,CHRISTIAN
6778,CHRISTIAN
6779,PAPERBACK BOOK
47,HC/POB BOOK
6785,PRIMARY NONFICTION
6787,NON FICTION
6790,PAPERBACK BOOK
6798,PAPERBACK BOOK
6800,MS FICTION
6803,PAPERBACK BOOK
6804,HC/POB BOOK
6805,PAPERBACK BOOK
6811,MS FICTION
6812,PAPERBACK BOOK
6814,CHRISTIAN
6818,HC/POB BOOK
6819,CHRISTIAN
6820,CHRISTIAN
6822,HC/POB BOOK
6823,CHRISTIAN
6824,HC/POB BOOK
6825,CHAPTER
6826,CHAPTER
6833,HC/POB BOOK
6836,CONTEMPORARY
6837,CHRISTIAN
6840,PAPER OVER BOARDS
6842,HC/POB BOOK
6843,CHRISTIAN
5407,HC/POB BOOK
6844,HC/POB BOOK
6845,PAPERBACK BOOK
6846,HC/POB BOOK
6847,MEDIA
6850,HC/POB BOOK
6851,PAPERBACK BOOK
6853,PICTURE
6857,PAPERBACK BOOK
6859,SELF HELP
6862,HC/POB BOOK
6863,EASY READER
6864,HC/POB BOOK
6866,PAPERBACK BOOK
6047,HC/POB BOOK
3613,PAPERBACK BOOK
6867,PAPER OVER BOARDS
6868,MEDIA
6873,HC/POB BOOK
6874,HC/POB BOOK
6877,FANTASY
6880,PAPERBACK BOOK
6881,ANIMAL
6882,PRIMARY FICTION
6883,PRIMARY FICTION
96,SOCIAL STUDIES
6889,FANTASY
6892,ANIMAL
6898,ANIMAL
6899,CHRISTIAN
6901,PICTURE
6909,PRESCHOOL
6911,HC/POB BOOK
6915,PAPERBACK BOOK
6918,SPORTS
6924,8X8 BOOK
6925,PAPER OVER BOARDS
1651,PAPERBACK BOOK
6926,PRIMARY FICTION
6931,HC/POB BOOK
6932,PRIMARY NONFICTION
6933,PRIMARY FICTION
6934,CHRISTIAN
6935,PRIMARY FICTION
6937,CHRISTIAN
6939,PRIMARY NONFICTION
6941,HISTORY
6948,CHRISTIAN
6949,CHRISTIAN
6950,PAPERBACK BOOK
6952,POSTER ART
6953,HC/POB BOOK
6954,PICTURE
6955,PAPERBACK BOOK
6958,BIOGRAPHY
6963,MEDIA
6964,PRIMARY FICTION
6971,CHRISTIAN
6973,CHRISTIAN
6977,CONTEMPORARY
6978,AFRICAN AMERICAN
6981,HC/POB BOOK
6982,CHAPTER
1092,HC/POB BOOK
6989,FANTASY
6990,ANIMAL
6992,HC/POB BOOK
7001,HC/POB BOOK
7002,8X8 BOOK
7003,HC/POB BOOK
7008,HC/POB BOOK
7011,ANIMAL
7012,PRIMARY NONFICTION
7015,FANTASY
7016,FANTASY
7017,PICTURE
7018,SCIENCE
7020,HC/POB BOOK
7022,HC/POB BOOK
7025,PAPERBACK BOOK
7027,FANTASY
7029,HC/POB BOOK
7031,PRIMARY FICTION
7039,BIOGRAPHY
7043,MOVIE TIE-IN
7047,PAPERBACK BOOK
7048,HC/POB BOOK
7049,FAMILY & FRIENDSHIP
7050,DIARIES
1780,HC/POB BOOK
7056,HC/POB BOOK
7059,PICTURE
7060,PICTURE
7063,CHRISTIAN
7065,HC/POB BOOK
7066,PAPERBACK BOOK
7070,JEWISH
7074,ANIMAL
7075,PRIMARY NONFICTION
7081,BIOGRAPHY
7082,FANTASY
7084,CONTEMPORARY
7085,PAPERBACK BOOK
7089,CHRISTIAN
7090,CHRISTIAN
7092,SPORTS
7094,CHRISTIAN
7100,ADVENTURE
7102,PICTURE
7104,SCIENCE
7105,PRIMARY NONFICTION
7107,MEDIA
7110,PRIMARY FICTION
7111,MEDIA
7112,CHRISTIAN
7113,CHRISTIAN
7120,PAPERBACK BOOK
7121,HUMOR
7125,CHAPTER
7132,PICTURE
3489,HC/POB BOOK
7133,HC/POB BOOK
7137,PAPERBACK BOOK
7138,HC/POB BOOK
7139,BIOGRAPHY
7141,THE ARTS (APPRECIATION
7141,MUSIC
7141,DANCE)
7144,PAPERBACK BOOK
7149,PRIMARY FICTION
7150,PAPERBACK BOOK
7152,BASKETBALL
7153,PAPERBACK BOOK
7154,MOVIE TIE-IN
7155,CHAPTER
7156,PRIMARY NONFICTION
7159,PRIMARY FICTION
7160,PICTURE
7161,NON FICTION
7162,PRIMARY FICTION
7167,HISTORY
7168,DRAWING
7169,8X8 BOOK
7170,MEDIA
7172,PAPERBACK BOOK
7173,HC/POB BOOK
150,HC/POB BOOK
7176,HC/POB BOOK
7179,SCIENCE
7180,PICTURE
3203,HC/POB BOOK
7185,Cookbook
7187,HC/POB BOOK
2323,HC/POB BOOK
7188,HC/POB BOOK
7189,ANIMAL
7193,PAPERBACK BOOK
7196,PAPERBACK BOOK
7197,CONTEMPORARY
7199,PRIMARY FICTION
7204,AFRICAN AMERICAN
7206,EASTER
7207,HC/POB BOOK
7208,HC/POB BOOK
7209,EASY READER
7210,PAPER OVER BOARDS
7211,PRESCHOOL
7212,PICTURE
7213,CHAPTER
7215,HC/POB BOOK
7216,HC/POB BOOK
7218,PICTURE
1512,HC/POB BOOK
7222,MATH
7224,PAPER OVER BOARDS
7227,CHRISTIAN
7229,HC/POB BOOK
6084,HC/POB BOOK
7232,HC/POB BOOK
7233,PRIMARY NONFICTION
7237,HC/POB BOOK
7238,SPORTS
7241,PAPERBACK BOOK
755,HC/POB BOOK
7242,HC/POB BOOK
7243,PAPER OVER BOARDS
7244,PARENTING
7246,HC/POB BOOK
7248,CHRISTIAN
7253,HC/POB BOOK
7254,MATH
7255,PAPERBACK BOOK
1876,MEMOIR
52,PAPER OVER BOARDS
7261,PAPERBACK BOOK
7262,CHRISTIAN
7266,INTERMEDIATE FICTION
7267,HC/POB BOOK
6798,SCIENCE
7268,HUMOR
7269,EASY READER
7270,EASY READER
7271,ADVENTURE
7273,HC/POB BOOK
7274,HC/POB BOOK
7275,PICTURE
7278,HC/POB BOOK
7281,PRIMARY FICTION
7282,HC/POB BOOK
7286,CHAPTER
2296,HOLIDAY
7301,PRIMARY FICTION
7302,PAPER OVER BOARDS
7303,ANIMAL
7304,8X8 BOOK
7305,HOLIDAY
7306,HC/POB BOOK
7316,MS NONFICTION
7317,INTERMEDIATE NONFICTION
7318,PAPERBACK BOOK
7320,HC/POB BOOK
7321,PRIMARY FICTION
816,PAPERBACK BOOK
7326,PICTURE
7329,PAPERBACK BOOK
7333,SCIENCE
1585,PAPERBACK BOOK
7338,PAPERBACK BOOK
7340,HC/POB BOOK
5752,INTERMEDIATE FICTION
7342,PAPERBACK BOOK
7343,PAPERBACK BOOK
7345,PRIMARY FICTION
7351,HC/POB BOOK
7354,MOVIE TIE-IN
7362,HUMOR
7364,HC/POB BOOK
7365,SCIENCE
7366,REFERENCE
7367,EASTER
7373,HC/POB BOOK
7374,PAPERBACK BOOK
7375,PAPERBACK BOOK
7383,PAPERBACK BOOK
7391,HC/POB BOOK
7393,FANTASY
7396,PAPERBACK BOOK
7397,PAPERBACK BOOK
1910,SPORTS
7402,BIOGRAPHY
7403,CHRISTIAN
7407,PAPERBACK BOOK
7408,PAPERBACK BOOK
7409,ANIMAL
5622,HC/POB BOOK
7413,PAPERBACK BOOK
7415,MOVIE TIE-IN
7418,MYSTERY
7420,REFERENCE
7423,8X8 BOOK
7424,REFERENCE
7425,RELIGIOUS
7428,HC/POB BOOK
7429,HC/POB BOOK
7431,PICTURE
7432,HC/POB BOOK
7433,MOVIE TIE-IN
7436,ANIMAL
158,FANTASY
7447,PRESCHOOL
7448,PICTURE
7449,RELIGIOUS
7451,CONTEMPORARY
7452,PAPERBACK BOOK
7453,HISTORICAL FICTION
7454,THEATER
7455,CLASSICS
7456,FANTASY
7460,HISTORICAL FICTION
7461,CLASSICS
7463,CLASSICS
7465,HISTORICAL FICTION
7466,HISTORICAL FICTION
7472,PAPERBACK BOOK
7474,SCIENCE
7475,8X8 BOOK
7476,PRIMARY NONFICTION
7480,8X8 BOOK
7481,PRIMARY FICTION
7483,HC/POB BOOK
7484,JEWISH
7487,HC/POB BOOK
7489,PICTURE
7490,HC/POB BOOK
7492,MOVIE TIE-IN
7494,PAPERBACK BOOK
7499,CONTEMPORARY
7501,PAPERBACK BOOK
7503,MOVIE TIE-IN
7504,HC/POB BOOK
7505,FANTASY
7508,CONTEMPORARY
7510,MOVIE TIE-IN
7514,HC/POB BOOK
7515,8X8 BOOK
7519,8X8 BOOK
7520,8X8 BOOK
7521,FOOTBALL
7524,MOVIE TIE-IN
7525,8X8 BOOK
7527,ANIMAL
7528,PAPERBACK BOOK
7533,PAPERBACK BOOK
3696,HC/POB BOOK
7537,PAPERBACK BOOK
7538,NON FICTION
7541,PROFESSIONAL
7543,PAPERBACK BOOK
7544,PICTURE
7552,PAPERBACK BOOK
7558,PAPERBACK BOOK
7562,HC/POB BOOK
7570,8X8 BOOK
7579,CONTEMPORARY
7580,HC/POB BOOK
7582,HC/POB BOOK
7590,SPORTS
7598,FANTASY
7602,PICTURE
7611,HC/POB BOOK
7616,PRIMARY NONFICTION
7617,HUMOR
7620,PICTURE
7621,SPORTS
7622,PAPERBACK BOOK
7623,FANTASY
7625,PAPERBACK BOOK
7626,PRIMARY FICTION
7627,PAPERBACK BOOK
7628,MEDIA
7630,PAPERBACK BOOK
7631,FAMILY & FRIENDSHIP
7633,HC/POB BOOK
7636,PAPERBACK BOOK
7640,PRIMARY FICTION
7641,SCIENCE
7645,PAPERBACK BOOK
7650,ANIMAL
7652,NON FICTION
7654,REFERENCE
7656,HC/POB BOOK
7665,HC/POB BOOK
7667,HC/POB BOOK
216,HC/POB BOOK
7680,FANTASY
7681,HUMOR
7683,DICTIONARIES
7685,PAPERBACK BOOK
7687,POETRY COLLECTION
7689,PAPERBACK BOOK
7693,PAPERBACK BOOK
7694,PRIMARY NONFICTION
7695,PRIMARY FICTION
7697,PAPERBACK BOOK
7698,MOVIE TIE-IN
7700,PAPERBACK BOOK
7702,8X8 BOOK
7705,PAPERBACK BOOK
7710,SCIENCE
7711,PAPER OVER BOARDS
7713,PAPERBACK BOOK
7721,PAPERBACK BOOK
7725,MYSTERY
7729,PRIMARY FICTION
7737,REFERENCE
7740,ANIMAL
7742,PAPER OVER BOARDS
7744,ANIMAL
7745,HC/POB BOOK
7746,HC/POB BOOK
7747,CONTEMPORARY
7750,PICTURE
7752,PRIMARY NONFICTION
7753,SELF HELP
7755,FANTASY
7757,FANTASY
7761,REFERENCE
7762,MYSTERY
7763,HC/POB BOOK
7765,RELIGIOUS
7766,FOOTBALL
7768,PAPERBACK BOOK
7770,PROFESSIONAL
7776,PAPER OVER BOARDS
7777,PAPERBACK BOOK
7781,INTERMEDIATE FICTION
7783,PAPERBACK BOOK
7791,PRIMARY FICTION
7792,PAPERBACK BOOK
7796,HC/POB BOOK
7798,FANTASY
7801,8X8 BOOK
7802,PRIMARY NONFICTION
7805,BASEBALL
7808,NON FICTION
7809,SELF HELP
7811,HC/POB BOOK
7814,HC/POB BOOK
7816,HC/POB BOOK
7817,GAMES
7818,CHRISTIAN
7819,PICTURE
7823,PICTURE
7824,PICTURE
7826,PICTURE
7828,PRIMARY NONFICTION
7832,PAPERBACK BOOK
7837,PRIMARY FICTION
7841,CHAPTER
7842,SCIENCE
7843,8X8 BOOK
7844,HC/POB BOOK
7845,8X8 BOOK
7846,HC/POB BOOK
7849,PRIMARY FICTION
7852,PAPERBACK BOOK
7857,HC/POB BOOK
7863,PAPERBACK BOOK
7865,PRIMARY NONFICTION
7866,HC/POB BOOK
7872,HC/POB BOOK
7874,PICTURE
7876,PICTURE
7877,8X8 BOOK
7879,HC/POB BOOK
7881,PAPERBACK BOOK
7886,SPORTS
7891,8X8 BOOK
7892,8X8 BOOK
7893,ANIMAL
7894,MOVIE TIE-IN
7897,PAPERBACK BOOK
7899,PAPER OVER BOARDS
7354,MYSTERY
7902,8X8 BOOK
7909,FAMILY & FRIENDSHIP
7911,AFRICAN AMERICAN
7912,FANTASY
7916,SPORTS
7918,GAMES
7921,NON FICTION
7927,PRESCHOOL
885,INTERMEDIATE FICTION
7935,FANTASY
7936,HC/POB BOOK
7937,HC/POB BOOK
7940,PAPERBACK BOOK
7942,PAPERBACK BOOK
7950,EASY READER
7951,PICTURE
7952,HC/POB BOOK
7954,HC/POB BOOK
7956,HC/POB BOOK
7957,PAPERBACK BOOK
7958,HC/POB BOOK
7959,PRIMARY FICTION
7963,FANTASY
7966,HC/POB BOOK
7969,HC/POB BOOK
7970,PAPERBACK BOOK
7977,EASY READER
7978,BASEBALL
7982,HC/POB BOOK
7989,PAPERBACK BOOK
7995,HC/POB BOOK
7996,8X8 BOOK
7997,DIARIES
7998,HC/POB BOOK
